"REGISTER_ID","OUTLET_ID","REGISTER_NAME","CASH_ACCOUNT","CASH_ACCOUNT_ID","BANK_ACCOUNT","BANK_ACCOUNT_ID","VERSION","DELETED_AT","REGION","GIFT_ACCOUNT","GIFT_ACCOUNT_ID"
"382","223",WADILABAN,CashWADILABAN,300000035114611,AL Jazeerah Bank WADILABAN ACC # 015795017321049,300000035114647,,,SA,,
"383","224",RASHIDABHA,CashRASHIDABHA,300000035114614,AL Jazeerah Bank RASHIDABHA ACC # 015795017321050,300000035114650,,,SA,,
"384","225",RASHIDJZN,CashRASHIDJZN,300000035114617,AL Jazeerah Bank RASHIDJZN ACC # 015795017321051,300000035114653,,,SA,,
"385","226",RASHIDMAD,CashRASHIDMAD,300000035114621,AL Jazeerah Bank RASHIDMAD ACC # 015795017321052,300000035114656,,,SA,,
"417","294",TAIFSHARST,Cash TAIFSHARST,300000050634924,AL Jazeerah Bank TAIFSHARST,300000050634920,,,SA,,
"418","295",KHMSAVENUE,Cash KHMSAVENUE,300000050662052,AL Jazeerah Bank KHMSAVENUE,300000050662028,,,SA,,
"419","296",JEDNRTHWLK,Cash JEDNRTHWLK,300000050662363,AL Jazeerah Bank JEDNRTHWLK,300000050662308,,,SA,,
"424","299",MEDDARIMAN,Cash MEDDARIMAN,300000050662396,AL Jazeerah Bank MEDDARIMAN,300000050662342,,,SA,,
"425","297",NAJMELAGRO,Cash NAJMELAGRO,300000050662360,AL Jazeerah Bank NAJMELAGRO,300000050662305,,,SA,,
"426","276",QUNKYLPLZA,Cash QUNKYLPLZA,300000050662372,AL Jazeerah Bank QUNKYLPLZA,300000050662318,,,SA,,
"427","300",MEDMVNPICK,Cash MEDMVNPICK,300000050662402,AL Jazeerah Bank MEDMVNPICK,300000050662348,,,SA,,
"428","298",RYDANUDPRK,Cash RYDANUDPRK,300000050662366,AL Jazeerah Bank RYDANUDPRK,300000050662312,,,SA,,
"429","280",KHAMESBLD,Cash KHAMESBLD,300000050662381,AL Jazeerah Bank KHAMESBLD,300000050662327,,,SA,,
"433","275",KHRJHEDITY,Cash KHRJHEDITY,300000050662369,AL Jazeerah Bank KHRJHEDITY,300000050662315,,,SA,,
"434","281",MEDSULTANA,Cash MEDSULTANA,300000050662384,AL Jazeerah Bank MEDSULTANA,300000050662330,,,SA,,
"435","278",JEDCORNCH1,Cash JEDCORNCH1,300000050662378,AL Jazeerah Bank JEDCORNCH1,300000050662324,,,SA,,
"436","277",ALBAHAMAL,Cash ALBAHAMAL,300000050662375,AL Jazeerah Bank ALBAHAMAL,300000050662321,,,SA,,
"534","396",JARIRRD,Cash JARIRRD,300000137243213,AL Jazeerah Bank JARIRRD,300000137243223,,,SA,,
"535","397",SALAMRYD2,Cash SALAMRYD2,300000131004941,AL Jazeerah Bank SALAMRYD2,300000131168065,,,SA,,
"587","423",HILTONMAK3,Cash HILTONMAK3,300000171373289,AL Jazeerah Bank HILTONMAK3,300000171373299,,,SA,,
"589","424",MEDALIYAT,Cash MEDALIYAT,300000171373244,AL Jazeerah Bank MEDALIYAT,300000171373263,,,SA,,
"590","425",JUBGLRIMAL,,,,,,,SA,,
"443","309",RYDALYAPLZ,Cash RYDALYAPLZ,300000050662405,AL Jazeerah Bank RYDALYAPLZ,300000050662351,,,SA,,
"444","310",MAKABRAJ1,Cash MAKABRAJ1,300000050662408,AL Jazeerah Bank MAKABRAJ1,300000050662354,,,SA,,
"445","282",MEDTHEGATE,Cash MEDTHEGATE,300000052482543,AL Jazeerah Bank MEDTHEGATE,300000052407220,,,SA,,
"446","312",ABHLVNDAPK,Cash ABHLVNDAPK,300000050662390,AL Jazeerah Bank ABHLVNDAPK,300000050662336,,,SA,,
"447","313",MAKMYANYRD,Cash MAKMYANYRD,300000050662393,AL Jazeerah Bank MAKMYANYRD,300000050662339,,,SA,,
"448","314",MEDALHIJRA,Cash MEDALHIJRA,300000050662399,AL Jazeerah Bank MEDALHIJRA,300000050662345,,,SA,,
"593","426",NJRANFRONT,Cash NJRANFRONT,300000184638643,AL Jazeerah Bank NJRANFRONT,300000184638647,,,SA,,
"450","315",MAKDNACNTR,Cash MAKDNACNTR,300000050662387,AL Jazeerah Bank MAKDNACNTR,300000050662333,,,SA,,
"488","346",ARARMHMDIA,Cash ARARMHMDIA,300000062388894,AL Jazeerah Bank ARARMHMDIA,300000062388622,,,SA,,
"492","348",KHOQOSAIBI,Cash KHOQOSAIBI,300000059028959,AL Jazeerah Bank KHOQOSAIBI,300000062857219,,,SA,,
"493","349",KHMSBNDWOD,Cash KHMSBNDWOD,300000073517383,AL Jazeerah Bank KHMSBNDWOD,300000073517395,,,SA,,
"494","350",MILAQROTAB,Cash MILAQROTAB,300000066308332,AL Jazeerah Bank MILAQROTAB,300000066308321,,,SA,,
"495","351",ASEERGUNAI,Cash ASEERGUNAIM,300000073517386,AL Jazeerah Bank ASEERGUNAIM,300000073517402,,,SA,,
"496","352",YASMEENPLZ,Cash YASMEENPLZ,300000062388881,AL Jazeerah Bank YASMEENPLZ,300000062388619,,,SA,,
"497","353",WATANIYAHB,Cash WATANIYAHB,300000066308337,AL Jazeerah Bank WATANIYAHB,300000066308325,,,SA,,
"498","354",EHSALBUSTA,Cash EHSALBUSTAN,300000068993287,AL Jazeerah Bank EHSALBUSTAN,300000068993282,,,SA,,
"499","355",RYDYARMOOK,Cash RYDYARMOOK,300000066308340,AL Jazeerah Bank RYDYARMOOK,300000066308329,,,SA,,
"500","356",DAMRIVEIRA,Cash DAMRIVEIRA,300000080938024,AL Jazeerah Bank DAMRIVEIRA,300000075144780,,,SA,,
"513","372",MURJANJED,Cash MURJANJED,300000096820490,AL Jazeerah Bank MURJANJED,300000096820487,,,SA,,
"517","377",QATIFCFRNT,Cash QATIFCFRNT,300000110032561,AL Jazeerah Bank QATIFCFRNT,300000110032545,,,SA,,
"595","427",JUBHUWYLYT,Cash JUBHUWYLYT,300000184930275,Al Jazeerah Bank JUBHUWYLYT,300000184930278,,,SA,,
"597","428",RYDTWIQDIS,Cash RYDTWIQDIS,300000171373302,AL Jazeerah Bank RYDTWIQDIS,300000171373306,,,SA,,
"598","429",JEDNUJOD,Cash JEDNUJOD,300000171373333,AL Jazeerah Bank JEDNUJOD,300000171373336,,,SA,,
"600","430",DWADMIMKAN,Cash DWADMIMKAN,300000171543299,AL Jazeerah Bank DWADMIMKAN,300000171543302,,,SA,,
"602","431",RYDROSHN,Cash RYDROSHN,300000171373310,AL Jazeerah Bank RYDROSHN,300000171373320,,,SA,,
"604","432",BURSULMAVE,Cash BURSULMAVE,300000184930429,Al Jazeerah Bank BURSULMAVE,300000184930431,,,SA,,
"4189","246",CCNTRBHR,Cash Account City Centre Bahra,300000158372846,Ahli United Bank Bahrain - Acc #,300000158372812,,,BH,,
"4190","300",EXBBAH,Cash EXBBAH,300000048705551,Ahli United Bank Bahrain - Acc #,300000158372812,,,BH,,
"607","438",MEDTHEGATE,,,,,,,SA,,
"608","439",MEDSOUQEBQ,Cash MEDSOUQEBQ,300000184638425,AL Jazeerah Bank MEDSOUQEBQ,300000184638428,,,SA,,
"610","440",RYDQURTBAH,Cash RYDQURTBAH,300000224513318,AL Jazeerah Bank RYDQURTBAH,300000180252233,,,SA,,
"612","441",ONZSOQJADD,Cash ONZSOQJADD,300000180252239,AL Jazeerah Bank ONZSOQJADD,300000180252242,,,SA,,
"613","442",JEDMNRHPL,Cash JEDMNRHPLZ,300000183175542,AL Jazeerah Bank JEDMNRHPLZ,300000183175533,,,SA,,
"614","443",MATHNABMAL,Cash MATHNABMAL,300000184930565,AL Jazeerah Bank MJMAKRMMAL Account Acc#,300000184930573,,,SA,,
"616","425",JUBGLRYMAL,Cash JUBGLRYMAL,300000184930693,AL Jazeerah Bank JUBGLRYMAL,300000184930701,,,SA,,
"641","446",MJMAKRMMAL,Cash MJMAKRMMAL,300000203126495,AL Jazeerah Bank MJMAKRMMAL Account Acc#,300000203126499,,,SA,,
"644","449",KHMISMUJAN,Cash KHMISMUJAN,300000202684869,AL Jazeerah Bank KHMISMUJAN,300000224513361,,,SA,,
"645","450",MEDZAMPLMN,Cash MEDZAMPLMN,300000202684163,AL Jazeerah Bank MEDZAMPLMN,300000202684187,,,SA,,
"646","451",KHRJUNFIED,Cash KHRJUNFIED,300000202740462,AL Jazeerah Bank KHRJUNFIED,300000202740467,,,SA,,
"647","452",JURSHIKHIR,Cash JURSHIKHIR,300000203126424,AL Jazeerah Bank JURSHIKHIR Account,300000203126429,,,SA,,
"648","453",DWDMMKANML,Cash  DWDMMKANML,300000203126567,AL Jazeerah Bank DWDMMKANML Account Acc#,300000203126573,,,SA,,
"4167","238",DEERFIELDS,Cash Deerfields Mall,300000004609330,Abu Dhabi Islamic Bank Account AED,300000004609283,,,AE,,
"4168","239",DUBMAL,Cash Dubai Mall,300000025894732,Abu Dhabi Islamic Bank Account AED,300000004609283,,,AE,,
"4169","240",FUJAIRAH,Cash AL Fujairah Mall,300000004609368,Abu Dhabi Islamic Bank Account AED,300000004609283,,,AE,,
"4170","241",MANARRAK,Cash Manar Mall RAK,300000004609380,Abu Dhabi Islamic Bank Account AED,300000004609283,,,AE,,
"4171","242",MARSASEEF,Cash Marsa AL Seef Mall,300000004609342,Abu Dhabi Islamic Bank Account AED,300000004609283,,,AE,,
"4173","244",WEHDA,Cash AL Wehdah Mall,300000004609316,Abu Dhabi Islamic Bank Account AED,300000004609283,,,AE,,
"4174","245",ZAHIA,Cash Zahia mall,300000014490171,Abu Dhabi Islamic Bank Account AED,300000004609283,,,AE,,
"4176","255",FUJAIRAHCC,Cash FujairahCC,300000027801191,Abu Dhabi Islamic Bank Account AED,300000004609283,,,AE,,
"4177","257",MIRDIFFCC,Cash MCC,300000028762475,Abu Dhabi Islamic Bank Account AED,300000004609283,,,AE,,
"4178","322",DEERFIELD2,Cash DEERFIELD2,300000052482670,Abu Dhabi Islamic Bank Account AED,300000004609283,,,AE,,
"4179","341",DUBAIDALMA,Cash DUBAIDALMA,300000056139938,Abu Dhabi Islamic Bank Account AED,300000004609283,,,AE,,
"4180","344",DUBSILCNML,Cash DUBSILCNML,300000056139935,Abu Dhabi Islamic Bank Account AED,300000004609283,,,AE,,
"4181","386",EXBUAE,Cash EXBUAE,300000052482670,Abu Dhabi Islamic Bank Account AED,300000004609283,,,AE,,
"4182","386",EXBUAE1,,,,,,,AE,,
"4556","1238",UAEBWBTMAL,Cash UAEBWBTMAL,300000221619464,Abu Dhabi Islamic Bank Account AED,300000004609283,,,AE,,
"3589","214",KADI,Cash KADI MALL,300000003335891,AL Jazeerah Bank Kadi Mall Account - Acc # 015795017321036,300000016780593,,,SN,,
"414","290",MEDANDLUSH,CashMEDANDLUSH,300000050405123,AL Jazeerah Bank MEDANDLUSH,300000050405120,,,SA,,
"415","292",MAKSHOUQ,Cash MAKSHOUQ,300000050662357,AL Jazeerah Bank MAKSHOUQ,300000050662302,,,SA,,
"4546","404",RYDAVNUMAL,Cash RYDAVNUMAL,300000215271038,AL Jazeerah Bank RYDAVNUMAL,300000215271032,,,SN,,
"4548","406",SHQRBSATEN,Cash SHQRBSATEN,300000215271035,AL Jazeerah Bank SHQRBSATEN,300000215271027,,,SN,,
"459","322",SMARTSHRYD,Cash SMARTSHRYD,300000052482548,AL Jazeerah Bank SMARTSHRYD,300000052407277,,,SA,,
"460","324",HAMDANYA2,Cash HAMDANYA2,300000052482551,AL Jazeerah Bank HAMDANYA2,300000052407280,,,SA,,
"461","323",ALAQEQRYD,Cash ALAQEQRYD,300000052482557,AL Jazeerah Bank ALAQEQRYD,300000052407286,,,SA,,
"462","325",TAIBAMED,Cash TAIBAMED,300000052482554,AL Jazeerah Bank TAIBAMED,300000052407283,,,SA,,
"463","326",AZIZIARYD,Cash AZIZIARYD,300000052482560,AL Jazeerah Bank AZIZIARYD,300000052407289,,,SA,,
"464","327",THEGATERYD,Cash THEGATERYD,300000052482563,AL Jazeerah Bank THEGATERYD,300000052407292,,,SA,,
"465","328",ALMALGARYD,Cash ALMALGARYD,300000052482566,AL Jazeerah Bank ALMALGARYD,300000052407295,,,SA,,
"4521","1202",KHRJUNFIED,Cash KHRJUNFIED,300000202740462,AL Jazeerah Bank KHRJUNFIED,300000202740467,,,SN,,
"4523","1204",DWDMMKANML,Cash  DWDMMKANML,300000203126567,AL Jazeerah Bank DWDMMKANML Account Acc#,300000203126573,,,SN,,
"4524","1205",BURIDHIMAM,Cash BURIDHIMAM,300000203126641,AL Jazeerah Bank BURIDHIMAM Account ,300000203126645,,,SN,,
"486","342",KHAMISKKHD,Cash KHAMISKKHD,300000056139985,AL Jazeerah Bank KHAMISKKHD,300000056139960,,,SA,,
"503","361",ALQASRMALL,Cash ALQASRMALL,300000080235544,AL Jazeerah Bank ALQASRMALL,300000080235515,,,SA,,
"504","362",KHAMSBLVRD,Cash KHAMSBLVRD,300000080235535,AL Jazeerah Bank KHAMSBLVRD,300000080235512,,,SA,,
"505","363",NAJPARK,Cash NAJPARK,300000080235528,AL Jazeerah Bank NAJPARK,300000080235506,,,SA,,
"506","364",MEDALMATAL,Cash MEDALMATAL,300000080235532,AL Jazeerah Bank MEDALMATAL,300000080235509,,,SA,,
"507","365",MEDMAYAS,Cash MEDMAYAS,300000080235538,AL Jazeerah Bank MEDMAYAS,300000075144787,,,SA,,
"508","366",YANBUMALL,Cash YANBUMALL,300000080235541,AL Jazeerah Bank YANBUMALL,300000075144791,,,SA,,
"509","367",MEDJWALK,Cash MEDJWALK,300000080235547,AL Jazeerah Bank MEDJWALK ,300000080235518,,,SA,,
"510","368",HAILZONE,Cash HAILZONE,300000080235550,AL Jazeerah Bank HAILZONE,300000080235521,,,SA,,
"533","395",QATIFCC,Cash QATIFCC,300000126320045,AL Jazeerah Bank QATIFCC,300000126320048,,,SA,,
"4525","1206",JEDJOHRAML,Cash JEDJOHRAML,300000203623512,AL Jazeerah Bank JEDJOHRAML Account,300000203623519,,,SN,,
"4527","1208",JEDPNORAMA,,,,,,,SN,,
"539","398",TAIFTERAML,Cash TAIFTERAML,300000131004934,AL Jazeerah Bank TAIFTERAML,300000131168047,,,SA,,
"541","399",JEDQURAISH,Cash JEDQURAISH,300000118410757,AL Jazeerah Bank JEDQURAISH,300000118410636,,,SA,,
"542","400",JEDDAHPARK,Cash JEDDAHPARK,300000131004938,AL Jazeerah Bank JEDDAHPARK,300000131168053,,,SA,,
"548","404",WADIDAWSER,Cash WADIDAWSER,300000148053513,AL Jazeerah Bank WADIDAWSER,300000148053508,,,SA,,
"549","405",MAKDARTWHD,Cash MAKDARTWHD,300000154328708,AL Jazeerah Bank MAKDARTWHD,300000154328712,,,SA,,
"553","406",MAKAHMALL2,Cash MAKAHMALL2,300000131004944,AL Jazeerah Bank MAKAHMALL2,300000131168115,,,SA,,
"554","407",TIFZHRNCTR,Cash TIFZHRNCTR,300000156392385,AL Jazeerah Bank TIFZHRNCTR,300000156392390,,,SA,,
"555","408",QOUZBLVRD,Cash QOUZBLVRD,300000155263148,AL Jazeerah Bank QOUZBLVRD,300000155263154,,,SA,,
"581","418",ABHHIZAMST,Cash ABHHIZAMST,300000158604477,AL Jazeerah Bank ABHHIZAMST,300000158604480,,,SA,,
"582","419",JEDKHUMRAH,Cash JEDKHUMRAH,300000158604454,AL Jazeerah Bank JEDKHUMRAH,300000158604460,,,SA,,
"583","420",JEDKNGAZIZ,Cash JEDKNGAZIZ,300000158604440,AL Jazeerah Bank JEDKNGAZIZ,300000158604443,,,SA,,
"584","412",RASHIDMAD2,Cash RASHIDMAD2,300000160305561,AL Jazeerah Bank RASHIDMAD2,300000158604437,,,SA,,
"585","421",JEDSULTNST,Cash JEDSULTNST,300000158604485,AL Jazeerah Bank JEDSULTNST,300000158604488,,,SA,,
"586","422",KHJTHEZONE,Cash KHJTHEZONE,300000178411684,AL Jazeerah Bank KHJTHEZONE,300000178411687,,,SA,,
"650","456",BURIDHIMAM,Cash BURIDHIMAM,300000203126641,AL Jazeerah Bank BURIDHIMAM Account ,300000203126645,,,SA,,
"652","457",JEDJOHRAML,Cash JEDJOHRAML,300000203623512,AL Jazeerah Bank JEDJOHRAML Account,300000203623519,,,SA,,
"653","458",JEDPALMWAK,Cash JEDPALMWAK,300000203623665,AL Jazeerah Bank JEDPALMWAK Account ,300000203623671,,,SA,,
"654","459",JEDPNORAMA,,,,,,,SA,,
"4175","253",YASKIOSK,Cash YASKIOSK,300000027801189,Abu Dhabi Islamic Bank Account AED,300000004609283,,,AE,,
"4172","243",SAHARH,Cash Saharah Mall,300000004609348,Abu Dhabi Islamic Bank Account AED,300000004609283,,,AE,,
"4559","1243",PANORAMA2,Cash PANORAMA2,300000221288962,AL Jazeerah Bank PANORAMA2,300000230277396,,,SN,,
"4560","1244",RYDVIEWMAL,,,,,,,SN,,
"4555","1237",MEDGOSIBLD,Cash MEDGOSIBLD,300000221288893,AL Jazeerah Bank MEDGOSIBLD,300000221377047,,,SN,,
"4558","1241",OMNJALNALI,Cash OMNJALNALI,300000221619454,Oman Arab Bank Account- ACC # 3106-573999-500,300000027746393,,,OM,,
"3574","199",AMWAJ,Cash AMUAJJ MALL,300000001573429,AL Jazeerah Bank Amwaj Mall Account - Acc # 015795017321027,300000016780564,,,SN,,
"3579","200",ANDLUS,CASH Andalus Mall Branch,300000001573435,AL Jazeerah Bank Andalus Mall Account - Acc # 015795017321007,300000016779072,,,SN,,
"3580","201",ARABMALL,CASH Arab Mall Branch,300000002399854,AL Jazeerah Bank Arab Mall Account - Acc # 015795017321008,300000016779076,,,SN,,
"3581","203",AZIZMALL,CASH Aziz Mall Branch,300000001573444,AL Jazeerah Bank Aziz Mall Account - Acc # 015795017321012,300000016780340,,,SN,,
"3608","204",DANA,CASH Dana Mall Branch,300000017583353,AL Jazeerah Bank Dana Mall Account - Acc # 015795017321040,300000017584237,,,SN,,
"3575","205",DAREEN,Cash DAREEN MALL,300000003335873,AL Jazeerah Bank Dareen Mall Account - Acc # 015795017321034,300000016780585,,,SN,,
"3572","206",EHSAA,Cash AL IHSA MALL,300000003335885,AL Jazeerah Bank Al Ihsaa Mall Account - Acc # 015795017321028,300000016780567,,,SN,,
"3582","207",FLAMINGO,CASH Felamengo Mall Branch,300000001573441,AL Jazeerah Bank Flamingo Mall Account - Acc # 015795017321014,300000016780355,,,SN,,
"3583","209",HAIFAA,CASH Haifaa Mall Branch,300000001573456,AL Jazeerah Bank Haifa Mall Account - Acc # 015795017321013,300000016780344,,,SN,,
"3598","210",HAMRAA,Cash Al Hamra Mall,300000003336235,AL Jazeerah Bank Hamraa Mall Account - Acc # 015795017321018,300000016780612,,,SN,,
"3599","211",HAYAT,Cash Al Hayat Mall,300000003336218,AL Jazeerah Bank Hayat Mall Account - Acc # 015795017321016,300000016780399,,,SN,,
"3590","1210",JUBAIL,Cash AL JUBAIL MALL,300000003335879,AL Jazeerah Bank Jubail Mall Account - Acc # 015795017321030,300000016780573,,,SN,,
"3578","215",GRMALLHAIL,CashOth Mall Hail,300000028360215,AL Jazeerah Bank Oth Mall Hail Account - Acc # 015795017321045,300000028360200,,,SN,,
"3584","216",MAHMAL,CASH AL Mahmal Branch,300000001545550,AL Jazeerah Bank Mahmal Center Account - Acc # 015795017321011,300000016780337,,,SN,,
"3593","217",MAKKAH,CASH Makkah Mall Branch,300000002399858,AL Jazeerah Bank Makkah Mall Account - Acc # 015795017321037,300000016780596,,,SN,,
"3594","218",MAKTOWER,CASH Makkah tower Branch,300000027801049,AL Jazeerah Bank MAKTOWER Account - Acc #,300000027775087,,,SN,,
"3591","219",MANAR,Cash Al Manar Mall,300000003336246,AL Jazeerah Bank Al Manar Mall Account - Acc # 015795017321026,300000016780561,,,SN,,
"466","329",HILTONMAK2,Cash HILTONMAK2,300000055407359,AL Jazeerah Bank HILTONMAK2,300000055407356,,,SA,,
"487","345",TOWNSQJED,Cash TOWNSQJED,300000059028917,AL Jazeerah Bank TOWNSQJED,300000061408456,,,SA,,
"491","341",MAJARDAH,Cash MAJARDAH,300000059028956,AL Jazeerah Bank MAJARDAH,300000073517392,,,SA,,
"4271","247",MUSCATCC,Cash CityCentreMuscat,300000014490175,Oman Arab Bank OMR,300000007645051,,,OM,,
"4272","248",OMMAL,Cash MallofOman,300000025894737,Oman Arab Bank OMR,300000007645051,,,OM,,
"545","401",JUBAILMAL2,Cash JUBAILMAL2,300000147142403,AL Jazeerah Bank JUBAILMAL2,300000147142409,,,SA,,
"546","402",BAHAAVENUS,Cash BAHAAVENUS,300000131004963,AL Jazeerah Bank BAHAAVENUS,300000131168135,,,SA,,
"3570","197",EXBSA,Cash EXBSA Riyadh,300000027801167,AL Jazeerah Bank EXBSA RYD Account - Acc # ,300000027746377,,,SN,,
"3571","202",ASEER,Cash ASSER MALL,300000003335900,AL Jazeerah Bank Aseer Mall Account - Acc # 015795017321031,300000016780576,,,SN,,
"3576","233",WESTAVENUE,Cash WEST AVINEO,300000003335876,AL Jazeerah Bank West Avenuo Mall Account - Acc # 015795017321032,300000016780579,,,SN,,
"4273","249",SOHARCITY,Cash SoharCity,300000007879205,Oman Arab Bank OMR,300000007645051,,,OM,,
"4274","254",EXBOMN,Cash EXBOMN,300000027801173,Oman Arab Bank Account- ACC # 3106-573999-500,300000027746393,,,OM,,
"4275","284",SALALAH,Cash Salalah,300000039668877,Oman Arab Bank OMR,300000040362698,,,OM,,
"4276","317",MCTAVENUES,Cash MCTAVENUES,300000050675495,Oman Arab Bank Account- ACC # 3106-573999-500,300000027746393,,,OM,,
"4277","318",MCTLLUIBRI,Cash MCTLLUIBRI,300000050675498,Oman Arab Bank Account- ACC # 3106-573999-500,300000027746393,,,OM,,
"4278","319",MCTLLUAMRT,Cash MCTLLUAMRT,300000050675506,Oman Arab Bank Account- ACC # 3106-573999-500,300000027746393,,,OM,,
"4279","320",MCTLLUNZWA,Cash MCTLLUNZWA,300000050675509,Oman Arab Bank Account- ACC # 3106-573999-500,300000027746393,,,OM,,
"4280","366",AZAIBAOMN,Cash AZAIBAOMN,300000056139948,Oman Arab Bank Account- ACC # 3106-573999-500,300000027746393,,,OM,,
"4281","367",BARKAOMN,CashBARKAOMN,300000056139945,Oman Arab Bank Account- ACC # 3106-573999-500,300000027746393,,,OM,,
"4282","385",OMNHRMZPLZ,Cash OMNHRMZPLZ,300000113282129,Oman Arab Bank Account- ACC # 3106-573999-500,300000027746393,,,OM,,
"3588","234",YASMEEN,CASH Yasmeen Mall Branch,300000001573447,AL Jazeerah Bank Yasmeen Mall Account - Acc # 015795017321010,300000016779089,,,SN,,
"3592","223",NOUR,Cash Noor Mall,300000003336243,AL Jazeerah Bank Al Noor Mall Account - Acc # 015795017321025,300000016780500,,,SN,,
"3597","208",GRANADA,Cash Granada Mall,300000016020868,AL Jazeerah Bank Gernada Mall Account - Acc # 015795017321024,300000016780494,,,SN,,
"3600","220",MEDAD,CASH Medad Center,300000001545576,AL Jazeerah Bank Medad Center Account - Acc # 015795017321015,300000016780360,,,SN,,
"3603","226",RABWA,Cash Oth Mall Rabwa,300000028360218,AL Jazeerah Bank Oth Mall Rabwa Account - Acc # 015795017321047,300000028360206,,,SN,,
"3607","213",JURIMALL,Cash JORI MALL,300000001573453,AL Jazeerah Bank Jory Mall Account - Acc # 015795017321035,300000016780588,,,SN,,
"3612","262",ALULA,CASH Al Ula Event Branch,300000018815020,AL Jazeerah Bank Ula Event Account - Acc # 015795017321041,300000018815015,,,SN,,
"3617","267",RASHIDABHA,CashRASHIDABHA,300000035114614,AL Jazeerah Bank RASHIDABHA ACC # 015795017321050,300000035114650,,,SN,,
"3649","269",RASHIDMAD,CashRASHIDMAD,300000035114621,AL Jazeerah Bank RASHIDMAD ACC # 015795017321052,300000035114656,,,SN,,
"3650","270",KHAFOTHAIM,CashKHAFOTHAIM,300000035114625,AL Jazeerah Bank KHAFOTHAIM ACC # 015795017321058,300000035114659,,,SN,,
"3654","274",VILLAGEHMT,CashVILLAGEHMT,300000035114638,AL Jazeerah Bank VILLAGEHMT,300000035114671,,,SN,,
"3657","277",AJAWEED,CashAJAWEED,300000039834161,AL Jazeerah BankAJAWEED,300000039834122,,,SN,,
"3727","280",OBHURMALL,CashOBHURMALL,300000039834174,AL Jazeerah BankOBHURMALL,300000039834133,,,SN,,
"3729","230",TAHLIA-F,,,,,,,SN,,
"3730","287",PANORAMA,CashPANORAMA,300000044083252,AL Jazeerah PANORAMA,300000044083244,,,SN,,
"4023","290",RIYADHDST,Cash RIYADHDST,300000048528255,AL Jazeerah RIYADHDST,300000048528249,,,SN,,
"4026","302",MAKSHOUQ,Cash MAKSHOUQ,300000050662357,AL Jazeerah Bank MAKSHOUQ,300000050662302,,,SN,,
"4031","307",NAJMELAGRO,Cash NAJMELAGRO,300000050662360,AL Jazeerah Bank NAJMELAGRO,300000050662305,,,SN,,
"4033","310",MEDMVNPICK,Cash MEDMVNPICK,300000050662402,AL Jazeerah Bank MEDMVNPICK,300000050662348,,,SN,,
"4037","297",MEDSULTANA,Cash MEDSULTANA,300000050662384,AL Jazeerah Bank MEDSULTANA,300000050662330,,,SN,,
"4039","294",ALBAHAMAL,Cash ALBAHAMAL,300000050662375,AL Jazeerah Bank ALBAHAMAL,300000050662321,,,SN,,
"4042","313",ABHLVNDAPK,Cash ABHLVNDAPK,300000050662390,AL Jazeerah Bank ABHLVNDAPK,300000050662336,,,SN,,
"4044","315",MEDALHIJRA,Cash MEDALHIJRA,300000050662399,AL Jazeerah Bank MEDALHIJRA,300000050662345,,,SN,,
"4048","324",ALAQEQRYD,Cash ALAQEQRYD,300000052482557,AL Jazeerah Bank ALAQEQRYD,300000052407286,,,SN,,
"4051","328",THEGATERYD,Cash THEGATERYD,300000052482563,AL Jazeerah Bank THEGATERYD,300000052407292,,,SN,,
"4055","333",NAJKINGROD,Cash NAJKINGROD,300000056139988,AL Jazeerah Bank NAJKINGROD,300000056139963,,,SN,,
"4058","336",ABHATIMSQR,Cash ABHATIMSQR,300000056139997,AL Jazeerah Bank ABHATIMSQR,300000056139973,,,SN,,
"4062","340",SABIAYASMN,Cash SABIAYASMN,300000056139955,AL Jazeerah Bank SABIAYASMN,300000056139951,,,SN,,
"4065","347",ARARMHMDIA,Cash ARARMHMDIA,300000062388894,AL Jazeerah Bank ARARMHMDIA,300000062388622,,,SN,,
"4069","350",MILAQROTAB,Cash MILAQROTAB,300000066308332,AL Jazeerah Bank MILAQROTAB,300000066308321,,,SN,,
"4073","354",EHSALBUSTA,Cash EHSALBUSTAN,300000068993287,AL Jazeerah Bank EHSALBUSTAN,300000068993282,,,SN,,
"4077","358",ALQASRMALL,Cash ALQASRMALL,300000080235544,AL Jazeerah Bank ALQASRMALL,300000080235515,,,SN,,
"4081","362",MEDMAYAS,Cash MEDMAYAS,300000080235538,AL Jazeerah Bank MEDMAYAS,300000075144787,,,SN,,
"4084","365",HAILZONE,Cash HAILZONE,300000080235550,AL Jazeerah Bank HAILZONE,300000080235521,,,SN,,
"4087","370",LELEMALL,Cash LELEMALL,300000097074448,AL Jazeerah Bank LELEMALL,300000097074419,,,SN,,
"4091","374",KHOBRRASHD,Cash KHOBRRASHD,300000118410652,AL Jazeerah Bank KHOBRRASHD,300000118410624,,,SN,,
"4092","375",EHSAOTHAIM,Cash EHSAOTHAIM,300000131004885,AL Jazeerah Bank EHSAOTHAIM,300000131168013,,,SN,,
"4096","379",JEDWAHBLVD,Cash JEDWAHBLVD,300000118410727,AL Jazeerah Bank JEDWAHBLVD,300000118410633,,,SN,,
"4099","382",MAKDYAFAML,Cash MAKDYAFAML,300000113282145,AL Jazeerah Bank MAKDYAFAML,300000113282136,,,SN,,
"4102","387",QATIFCC,Cash QATIFCC,300000126320045,AL Jazeerah Bank QATIFCC,300000126320048,,,SN,,
"4104","389",SALAMRYD2,Cash SALAMRYD2,300000131004941,AL Jazeerah Bank SALAMRYD2,300000131168065,,,SN,,
"4108","212",JUBAILMAL2,Cash JUBAILMAL2,300000147142403,AL Jazeerah Bank JUBAILMAL2,300000147142409,,,SN,,
"4359","402",JEDNUJOD,Cash JEDNUJOD,300000171373333,AL Jazeerah Bank JEDNUJOD,300000171373336,,,SN,,
"4500","1175",RASHIDMAD2,Cash RASHIDMAD2,300000160305561,AL Jazeerah Bank RASHIDMAD2,300000158604437,,,SN,,
"4517","1186",JUBGLRYMAL,Cash JUBGLRYMAL,300000184930693,Al Jazeerah Bank JUBGLRYMAL,300000224513366,,,SN,,
"4522","1203",JURSHIKHIR,Cash JURSHIKHIR,300000203126424,AL Jazeerah Bank JURSHIKHIR Account Acc# ,300000203126429,,,SN,,
"4526","1207",JEDPALMWAK,Cash JEDPALMWAK,300000203623665,AL Jazeerah Bank JEDPALMWAK Account Acc#,300000203623671,,,SN,,
"656","461",ARARWOMNM2,,,,,,,SA,,
"661","462",RYDAVNUMAL,,,,,,,SA,,
"663","463",SHQRBSATEN,,,,,,,SA,,
"359","175",MEDAD,CASH Medad Center,300000001545576,AL Jazeerah Bank Medad Center Account - Acc # 015795017321015,300000016780360,,,SA,,
"4224","250",Avenues,Cash Account Avenues MALL,300000157823512,National Bank of Kuwait KWD - ACC #******,300000157823502,,,KW,,
"4225","251",Hall 4,Cash Account Hall 4,300000157823520,National Bank of Kuwait KWD - ACC #******,300000157823502,,,KW,,
"356","163",GRANADA,Cash Granada Mall,300000016020868,AL Jazeerah Bank Gernada Mall Account - Acc # 015795017321024,300000016780494,,,SA,,
"331","161",EHSAA,Cash AL IHSA MALL,300000003335885,AL Jazeerah Bank Al Ihsaa Mall Account - Acc # 015795017321028,300000016780567,,,SA,,
"334","160",DAREEN,Cash DAREEN MALL,300000003335873,AL Jazeerah Bank Dareen Mall Account - Acc # 015795017321034,300000016780585,,,SA,,
"371","216",SALAMAH,Cash SALMAH MALL,300000003335894,AL Jazeerah Bank Salma Mall Account - Acc # 015795017321033,300000016780582,,,SA,,
"330","157",ASEER,Cash ASSER MALL,300000003335900,AL Jazeerah Bank Aseer Mall Account - Acc # 015795017321031,300000016780576,,,SA,,
"333","154",AMWAJ,Cash AMUAJJ MALL,300000001573429,AL Jazeerah Bank Amwaj Mall Account - Acc # 015795017321027,300000016780564,,,SA,,
"335","188",WESTAVENUE,Cash WEST AVINEO,300000003335876,AL Jazeerah Bank West Avenuo Mall Account - Acc # 015795017321032,300000016780579,,,SA,,
"332","177",NAKJPLAZA,Cash AL NAKheel PLAZA,300000003335888,AL Jazeerah Bank Nakhel Plaza Account - Acc # 015795017321038,300000016780602,,,SA,,
"364","186",TALAMALL,Cash Tala Mall,300000003336226,AL Jazeerah Bank Tala Mall Account - Acc # 015795017321021,300000016780483,,,SA,,
"370","215",KHERAIS,Cash Khris Mall,300000003336230,AL Jazeerah Bank Khuris Mall Account - Acc # 015795017321019,300000016780476,,,SA,,
"349","167",JUBAIL,Cash AL JUBAIL MALL,300000003335879,AL Jazeerah Bank Jubail Mall Account - Acc # 015795017321030,300000016780573,,,SA,,
"376","221",TABOUK,Cash Tabuk Park Mall,300000003335897,AL Jazeerah Bank Tabouk Park Mall Account - Acc # 015795017321029,300000016780570,,,SA,,
"336","190",ZAHRAN,Cash AL DAHRAN MALL,300000003335882,AL Jazeerah Bank Dahran Mall Account - Acc # 015795017321039,300000016780606,,,SA,,
"348","169",KADI,Cash KADI MALL,300000003335891,AL Jazeerah Bank Kadi Mall Account - Acc # 015795017321036,300000016780593,,,SA,,
"367","168",JURIMALL,Cash JORI MALL,300000001573453,AL Jazeerah Bank Jory Mall Account - Acc # 015795017321035,300000016780588,,,SA,,
"4509","1191",RYDROSHN,Cash RYDROSHN,300000171373310,AL Jazeerah Bank RYDROSHN,300000171373320,,,SN,,
"353","173",MAKTOWER,CASH Makkah tower Branch,300000027801049,AL Jazeerah Bank MAKTOWER Account - Acc #,300000027775087,,,SA,,
"4226","252",Hall 8,Cash Account Hall 8,300000157823516,National Bank of Kuwait KWD - ACC #******,300000157823502,,,KW,,
"4227","265",AVENUKIOSK,Cash Account Avenues Kiosk,300000157823524,National Bank of Kuwait KWD - ACC #******,300000157823502,,,KW,,
"3606","232",TAWAREN,CASH Tawaren Center Branch,300000001545572,AL Jazeerah Bank Tawaren Center Account - Acc # 015795017321023,300000016780490,,,SN,,
"4228","251",Hall 4.2,Cash Account Hall 4,300000157823520,National Bank of Kuwait KWD - ACC #******,300000157823502,,,KW,,
"4229","252",Hall 8.2,Cash Account Hall 8,300000157823516,National Bank of Kuwait KWD - ACC #******,300000157823502,,,KW,,
"372","217",ALULA,CASH Al Ula Event Branch,300000018815020,AL Jazeerah Bank Ula Event Account - Acc # 015795017321041,300000018815015,,,SA,,
"369","214",ARARMALL,Cash Ararmall,300000028360221,AL Jazeerah Bank Ararmalld Account - Acc # 015795017321048,300000028360209,,,SA,,
"337","170",GRMALLHAIL,CashOth Mall Hail,300000028360215,AL Jazeerah Bank Oth Mall Hail Account - Acc # 015795017321045,300000028360200,,,SA,,
"362","181",RABWA,Cash Oth Mall Rabwa,300000028360218,AL Jazeerah Bank Oth Mall Rabwa Account - Acc # 015795017321047,300000028360206,,,SA,,
"355","153",EXBSA02,Cash EXBSA02,300000028360212,AL Jazeerah Bank EXBSA02 Jed Account - Acc # 015795017321044,300000028360197,,,SA,,
"354","211",ONAIZAH,Cash Onaizah,300000027801170,AL Jazeerah Bank Onaizah  Account - Acc # 015795017321046,300000027746380,,,SA,,
"4230","282",ALKOUTMALL,Cash Account ALKOUTMALL,300000157823528,National Bank of Kuwait KWD - ACC #******,300000157823502,,,KW,,
"4231","283",GATEMALL,Cash Account GATEMALL,300000157823534,National Bank of Kuwait KWD - ACC #******,300000157823502,,,KW,,
"1","152",EXBSA,Cash EXBSA Riyadh,300000027801167,AL Jazeerah Bank EXBSA RYD Account - Acc # ,300000027746377,,,SA,,
"4232","303",JAHARKWT,Cash Account JAHARKWT,300000157823538,National Bank of Kuwait KWD - ACC #******,300000157823502,,,KW,,
"4233","321",MUBARKIA,Cash Account MUBARKIA,300000157823548,National Bank of Kuwait KWD - ACC #******,300000157823502,,,KW,,
"4234","332",KUWTMARINA,Cash Account KUWTMARINA,300000157823568,National Bank of Kuwait KWD - ACC #******,300000157823502,,,KW,,
"4550","1232",KWTMGHATER,Cash KWTMGHATER,300000201814858,National Bank of Kuwait KWD - ACC #******,300000157823502,,,KW,,
"4551","1233",KWTALDABOS,Cash KWTALDABOS,300000203623278,National Bank of Kuwait KWD - ACC #******,300000157823502,,,KW,,
"4552","1230",KWT360MALL,Cash KWT360MALL,300000188098708,National Bank of Kuwait KWD - ACC #******,300000157823502,,,KW,,
"4486","1167",WADIDAWSER,Cash WADIDAWSER,300000148053513,AL Jazeerah Bank WADIDAWSER,300000148053508,,,SN,,
"4554","1231",KWTWHMALL,Cash KWTWHMALL,300000188098715,National Bank of Kuwait KWD - ACC #******,300000157823502,,,KW,,
"4487","1168",MAKDARTWHD,Cash MAKDARTWHD,300000154328708,AL Jazeerah Bank MAKDARTWHD,300000154328712,,,SN,,
"363","183",SALAMRYD,Cash Al Salam Mall,300000003336239,AL Jazeerah Bank Salam Ryd Mall Account - Acc # 015795017321022,300000016780487,,,SA,,
"4488","1169",MAKAHMALL2,Cash MAKAHMALL2,300000131004944,AL Jazeerah Bank MAKAHMALL2,300000131168115,,,SN,,
"368","159",DANA,CASH Dana Mall Branch,300000017583353,AL Jazeerah Bank Dana Mall Account - Acc # 015795017321040,300000017584237,,,SA,,
"4489","1170",TIFZHRNCTR,Cash TIFZHRNCTR,300000156392385,AL Jazeerah Bank TIFZHRNCTR,300000156392390,,,SN,,
"4490","1171",QOUZBLVRD,Cash QOUZBLVRD,300000155263148,AL Jazeerah Bank QOUZBLVRD,300000155263154,,,SN,,
"4491","1172",ARARWOMNMT,Cash ARARWOMNMT,300000158604426,AL Jazeerah Bank ARARWOMNMT  N,300000212640475,,,SN,,
"4492","1173",SKAKAPLAZA,Cash SKAKAPLAZA,300000131004985,AL Jazeerah Bank SKAKAPLAZA,300000131168141,,,SN,,
"379","184",EXBSA04,Cash EXBSA04,300000033029077,AL Jazeerah Bank EXBSA04 Account - Acc #,300000033029092,,,SA,,
"373","218",EXBSA03,Cash EXBSA03,300000033029067,AL Jazeerah Bank EXBSA03 Account - Acc #,300000033029087,,,SA,,
"360","176",NAKHELMALL,Cash Nakheel Mall,300000003336222,AL Jazeerah Bank Nakhel Mall Account - Acc # 015795017321020,300000016780479,,,SA,,
"339","156",ARABMALL,CASH Arab Mall Branch,300000002399854,AL Jazeerah Bank Arab Mall Account - Acc # 015795017321008,300000016779076,,,SA,,
"357","165",HAMRAA,Cash Al Hamra Mall,300000003336235,AL Jazeerah Bank Hamraa Mall Account - Acc # 015795017321018,300000016780612,,,SA,,
"352","172",MAKKAH,CASH Makkah Mall Branch,300000002399858,AL Jazeerah Bank Makkah Mall Account - Acc # 015795017321037,300000016780596,,,SA,,
"340","158",AZIZMALL,CASH Aziz Mall Branch,300000001573444,AL Jazeerah Bank Aziz Mall Account - Acc # 015795017321012,300000016780340,,,SA,,
"351","178",NOUR,Cash Noor Mall,300000003336243,AL Jazeerah Bank Al Noor Mall Account - Acc # 015795017321025,300000016780500,,,SA,,
"4493","1174",SKAKASHLHB,Cash SKAKASHLHB,300000158604406,AL Jazeerah Bank SKAKASHLHB,300000158604409,,,SN,,
"4494","1176",SBTALYABVD,Cash SBTALYABVD,300000158604447,AL Jazeerah Bank SBTALYABVD,300000158604450,,,SN,,
"4495","1177",MAKADANPLZ,Cash MAKADANPLZ,300000131004975,AL Jazeerah Bank MAKADANPLZ,300000131168138,,,SN,,
"4496","1178",NJRANCFRNT,Cash NJRANCFRNT,300000131004991,AL Jazeerah Bank NJRANCFRNT,300000131168144,,,SN,,
"4497","1179",ABHHIZAMST,Cash ABHHIZAMST,300000158604477,AL Jazeerah Bank ABHHIZAMST,300000158604480,,,SN,,
"4498","1180",JEDKHUMRAH,Cash JEDKHUMRAH,300000158604454,AL Jazeerah Bank JEDKHUMRAH,300000158604460,,,SN,,
"4501","1182",JEDSULTNST,Cash JEDSULTNST,300000158604485,AL Jazeerah Bank JEDSULTNST,300000158604488,,,SN,,
"4504","1185",MEDALIYAT,Cash MEDALIYAT,300000171373244,AL Jazeerah Bank MEDALIYAT,300000171373263,,,SN,,
"4508","1190",DWADMIMKAN,Cash DWADMIMKAN,300000171543299,AL Jazeerah Bank DWADMIMKAN,300000171543302,,,SN,,
"4512","1194",MEDSOUQEBQ,Cash MEDSOUQEBQ,300000184638425,AL Jazeerah Bank MEDSOUQEBQ,300000184638428,,,SN,,
"4516","1198",MATHNABMAL,Cash MATHNABMAL,300000184930565,AL Jazeerah Bank MJMAKRMMAL Account Acc#,300000184930573,,,SN,,
"365","187",TAWAREN,CASH Tawaren Center Branch,300000001545572,AL Jazeerah Bank Tawaren Center Account - Acc # 015795017321023,300000016780490,,,SA,,
"404","185",TAHLIA-F,CASH Tahliah Center Branch,300000001545579,AL Jazeerah Bank Tahlia Center Account - Acc # 015795017321005,300000016779059,,,SA,,
"346","185",TAHLIA,CASH Tahliah Center Branch,300000001545579,AL Jazeerah Bank Tahlia Center Account - Acc # 015795017321005,300000016779059,,,SA,,
"345","182",SALAMJED,CASH Salam Mall Jeddah Branch,300000001573450,AL Jazeerah Bank Salam Jed Mall count - Acc # 015795017321009,300000016779087,,,SA,,
"361","180",RYDGALLER,Cash Riyadh Gallery,300000001545566,AL Jazeerah Bank Riyad Gallery Account - Acc # 015795017321017,300000016780609,,,SA,,
"344","179",REDSEA,CASH Red Sea Mall Branch,300000001573438,AL Jazeerah Bank Red Sea Mall Account - Acc # 015795017321006,300000016779062,,,SA,,
"358","166",HAYAT,Cash Al Hayat Mall,300000003336218,AL Jazeerah Bank Hayat Mall Account - Acc # 015795017321016,300000016780399,,,SA,,
"342","164",HAIFAA,CASH Haifaa Mall Branch,300000001573456,AL Jazeerah Bank Haifa Mall Account - Acc # 015795017321013,300000016780344,,,SA,,
"341","162",FLAMINGO,CASH Felamengo Mall Branch,300000001573441,AL Jazeerah Bank Flamingo Mall Account - Acc # 015795017321014,300000016780355,,,SA,,
"347","189",YASMEEN,CASH Yasmeen Mall Branch,300000001573447,AL Jazeerah Bank Yasmeen Mall Account - Acc # 015795017321010,300000016779089,,,SA,,
"338","155",ANDLUS,CASH Andalus Mall Branch,300000001573435,AL Jazeerah Bank Andalus Mall Account - Acc # 015795017321007,300000016779072,,,SA,,
"350","174",MANAR,Cash Al Manar Mall,300000003336246,AL Jazeerah Bank Al Manar Mall Account - Acc # 015795017321026,300000016780561,,,SA,,
"406","245",PANORAMA,CashPANORAMA,300000044083252,AL Jazeerah PANORAMA,300000044083244,,,SA,,
"343","171",MAHMAL,CASH AL Mahmal Branch,300000001545550,AL Jazeerah Bank Mahmal Center Account - Acc # 015795017321011,300000016780337,,,SA,,
"386","227",KHAFOTHAIM,CashKHAFOTHAIM,300000035114625,AL Jazeerah Bank KHAFOTHAIM ACC # 015795017321058,300000035114659,,,SA,,
"387","228",HAFRBATIN,CashHAFRBATIN,300000035114629,AL Jazeerah Bank HAFRBATIN ACC # 015795017321055,300000035114662,,,SA,,
"388","229",BUROTHAIM,CashBUROTHAIM,300000035114632,AL Jazeerah Bank BUROTHAIM ACC # 015795017321053,300000035114665,,,SA,,
"389","230",DAMMOTHAIM,CashDAMMOTHAIM,300000035114635,AL Jazeerah Bank DAMMOTHAIM ACC # 015795017321054,300000035114668,,,SA,,
"390","231",VILLAGEHMT,CashVILLAGEHMT,300000035114638,AL Jazeerah Bank VILLAGEHMT,300000035114671,,,SA,,
"391","232",PARKHMT,CashPARKHMT,300000035114641,AL Jazeerah Bank PARKHMT ACC # 015795017321056,300000035114674,,,SA,,
"392","233",NAKHDMM,CashNAKHDMM,300000035114644,AL Jazeerah Bank NAKHDMM,300000035114677,,,SA,,
"395","235",AJAWEED,CashAJAWEED,300000039834161,AL Jazeerah BankAJAWEED,300000039834122,,,SA,,
"396","236",RYDAVENUE,CashRYDAVENUE,300000039834164,AL Jazeerah BankRYDAVENUE,300000039834125,,,SA,,
"397","237",RYDPARK,CashRYDPARK,300000039834170,AL Jazeerah BankRYDPARK,300000039834130,,,SA,,
"398","238",OBHURMALL,CashOBHURMALL,300000039834174,AL Jazeerah BankOBHURMALL,300000039834133,,,SA,,
"401","239",HAMDANIIYA,CashHAMDANIIYA,300000039834199,AL Jazeerah BankHAMDANIIYA,300000039834136,,,SA,,
"407","284",HIJABMALL,Cash HIJABMALL,300000047540412,AL Jazeerah HIJABMALL,300000047540406,,,SA,,
"408","285",HILTONMAK,Cash HILTONMAK,300000047540415,AL Jazeerah HILTONMAK,300000047540409,,,SA,,
"409","265",KHURAISSQ2,Cash KHURAISSQ,300000047659064,AL Jazeerah KHURAISSQ,300000047659036,,,SA,,
"410","266",PRNCSLRD,Cash PRNCSLRD,300000047659074,AL Jazeerah PRNCSLRD,300000047659047,,,SA,,
"411","267",RIYADHDST,Cash RIYADHDST,300000048528255,AL Jazeerah RIYADHDST,300000048528249,,,SA,,
"412","268",RYDSHIFA,Cash RYDSHIFA,300000048528258,AL Jazeerah RYDSHIFA,300000048528252,,,SA,,
"467","330",MAKAHMEJAZ,Cash MAKAHMEJAZ,300000056128901,AL Jazeerah Bank MAKAHMEJAZ,300000056128898,,,SA,,
"469","332",NAJKINGROD,Cash NAJKINGROD,300000056139988,AL Jazeerah Bank NAJKINGROD,300000056139963,,,SA,,
"474","333",RYDSAWARIP,Cash RYDSAWARIP,300000056139991,AL Jazeerah Bank RYDSAWARIP,300000056139967,,,SA,,
"475","334",NAJRANPLZA,Cash NAJRANPLZA,300000056139994,AL Jazeerah Bank NAJRANPLZA,300000056139970,,,SA,,
"476","335",ABHATIMSQR,Cash ABHATIMSQR,300000056139997,AL Jazeerah Bank ABHATIMSQR,300000056139973,,,SA,,
"477","336",ALARIDAH,Cash ALARIDAH,300000056140000,AL Jazeerah Bank ALARIDAH,300000056139976,,,SA,,
"478","337",SAMTAHMALL,Cash SAMTAHMALL,300000056277003,AL Jazeerah Bank SAMTAHMALL,300000056139979,,,SA,,
"479","338",JEDANDLUS2,Cash JEDANDLUS2,300000056277006,AL Jazeerah Bank JEDANDLUS2,300000056139982,,,SA,,
"482","339",SABIAYASMN,Cash SABIAYASMN,300000056139955,AL Jazeerah Bank SABIAYASMN,300000056139951,,,SA,,
"502","358",UWALKJED,Cash UWALKJED,300000073517389,AL Jazeerah Bank UWALKJED,300000073517410,,,SA,,
"514","373",GALRYRYD2,Cash GALRYRYD2,300000097074458,AL Jazeerah Bank GALRYRYD2,300000097074433,,,SA,,
"515","374",LELEMALL,Cash LELEMALL,300000097074448,AL Jazeerah Bank LELEMALL,300000097074419,,,SA,,
"516","376",HIRAAJED,Cash HIRAAJED,300000107862589,AL Jazeerah Bank HIRAAJED,300000107862566,,,SA,,
"518","378",MTHNBOTHAM,Cash MTHNBOTHAM,300000118410649,AL Jazeerah Bank MTHNBOTHAM,300000118410600,,,SA,,
"519","379",KHOBRRASHD,Cash KHOBRRASHD,300000118410652,AL Jazeerah Bank KHOBRRASHD,300000118410624,,,SA,,
"520","380",EHSAOTHAIM,Cash EHSAOTHAIM,300000131004885,AL Jazeerah Bank EHSAOTHAIM,300000131168013,,,SA,,
"521","381",SHUBAILYML,Cash SHUBAILYML,300000131004931,AL Jazeerah Bank SHUBAILYML,300000131168035,,,SA,,
"522","382",DMMMARINA,Cash DMMMARINA,300000118410688,AL Jazeerah Bank DMMMARINA,300000118410627,,,SA,,
"523","383",JEDMNDARIN,Cash JEDMNDARIN,300000118410720,AL Jazeerah Bank JEDMNDARIN,300000118410630,,,SA,,
"524","384",JEDWAHBLVD,Cash JEDWAHBLVD,300000118410727,AL Jazeerah Bank JEDWAHBLVD,300000118410633,,,SA,,
"525","385",MAKHIJZMLL,Cash MAKHIJZMLL,300000113282142,AL Jazeerah Bank MAKHIJZMLL,300000113282133,,,SA,,
"526","386",JEDMRWACTR,Cash JEDMRWACTR,300000118410771,AL Jazeerah Bank JEDMRWACTR,300000118410639,,,SA,,
"527","387",MAKDYAFAML,Cash MAKDYAFAML,300000113282145,AL Jazeerah Bank MAKDYAFAML,300000113282136,,,SA,,
"528","388",JEDMUSADIA,Cash JEDMUSADIA,300000113282148,AL Jazeerah Bank JEDMUSADIA,300000113282139,,,SA,,
"529","389",RASSBULVRD,Cash RASSBULVRD,300000118410774,AL Jazeerah Bank RASSBULVRD,300000118410646,,,SA,,
"547","403",RYDMARINA,Cash RYDMARINA,300000147142406,AL Jazeerah Bank RYDMARINA,300000147142412,,,SA,,
"558","409",ARARWOMNMT,Cash ARARWOMNMT,300000158604426,AL Jazeerah Bank ARARWOMNMT  N,300000212640475,,,SA,,
"561","410",SKAKAPLAZA,Cash SKAKAPLAZA,300000131004985,AL Jazeerah Bank SKAKAPLAZA,300000131168141,,,SA,,
"562","411",SKAKASHLHB,Cash SKAKASHLHB,300000158604406,AL Jazeerah Bank SKAKASHLHB,300000158604409,,,SA,,
"571","413",SBTALYABVD,Cash SBTALYABVD,300000158604447,AL Jazeerah Bank SBTALYABVD,300000158604450,,,SA,,
"573","414",MAKADANPLZ,Cash MAKADANPLZ,300000131004975,AL Jazeerah Bank MAKADANPLZ,300000131168138,,,SA,,
"576","415",NJRANCFRNT,Cash NJRANCFRNT,300000131004991,AL Jazeerah Bank NJRANCFRNT,300000131168144,,,SA,,
"4165","236",ALAIN,Cash AL Ain Mall,300000004609363,Abu Dhabi Islamic Bank Account AED,300000004609283,,,AE,,
"4166","237",CITYWALK,Cash City Walk Mall,300000004609335,Abu Dhabi Islamic Bank Account AED,300000004609283,,,AE,,
"4557","1240",JEDFALLSQR,Cash JEDFALLSQR,300000222041899,AL Jazeerah Bank JEDFALLSQR,300000222041966,,,SN,,
"4547","403",ARARWOMNM2,Cash ARARWOMNM2,300000202795223,AL Jazeerah Bank ARARWOMNM2 Account Acc#,300000202795227,,,SN,,
"4093","376",SHUBAILYML,Cash SHUBAILYML,300000131004931,AL Jazeerah Bank SHUBAILYML,300000131168035,,,SN,,
"4094","377",DMMMARINA,Cash DMMMARINA,300000118410688,AL Jazeerah Bank DMMMARINA,300000118410627,,,SN,,
"4095","378",JEDMNDARIN,Cash JEDMNDARIN,300000118410720,AL Jazeerah Bank JEDMNDARIN,300000118410630,,,SN,,
"4097","380",MAKHIJZMLL,Cash MAKHIJZMLL,300000113282142,AL Jazeerah Bank MAKHIJZMLL,300000113282133,,,SN,,
"4098","381",JEDMRWACTR,Cash JEDMRWACTR,300000118410771,AL Jazeerah Bank JEDMRWACTR,300000118410639,,,SN,,
"4100","383",JEDMUSADIA,Cash JEDMUSADIA,300000113282148,AL Jazeerah Bank JEDMUSADIA,300000113282139,,,SN,,
"4101","384",RASSBULVRD,Cash RASSBULVRD,300000118410774,AL Jazeerah Bank RASSBULVRD,300000118410646,,,SN,,
"4103","388",JARIRRD,Cash JARIRRD,300000137243213,AL Jazeerah Bank JARIRRD,300000137243223,,,SN,,
"4105","390",TAIFTERAML,Cash TAIFTERAML,300000131004934,AL Jazeerah Bank TAIFTERAML,300000131168047,,,SN,,
"4106","391",JEDQURAISH,Cash JEDQURAISH,300000118410757,AL Jazeerah Bank JEDQURAISH,300000118410636,,,SN,,
"4107","392",JEDDAHPARK,Cash JEDDAHPARK,300000131004938,AL Jazeerah Bank JEDDAHPARK,300000131168053,,,SN,,
"4109","393",BAHAAVENUS,Cash BAHAAVENUS,300000131004963,AL Jazeerah Bank BAHAAVENUS,300000131168135,,,SN,,
"4110","394",RYDMARINA,Cash RYDMARINA,300000147142406,AL Jazeerah Bank RYDMARINA,300000147142412,,,SN,,
"4499","1181",JEDKNGAZIZ,Cash JEDKNGAZIZ,300000158604440,AL Jazeerah Bank JEDKNGAZIZ,300000158604443,,,SN,,
"4502","1183",KHJTHEZONE,Cash KHJTHEZONE,300000178411684,AL Jazeerah Bank KHJTHEZONE,300000178411687,,,SN,,
"4503","1184",HILTONMAK3,Cash HILTONMAK3,300000171373289,AL Jazeerah Bank HILTONMAK3,300000171373299,,,SN,,
"4505","1187",NJRANFRONT,Cash NJRANFRONT,300000184638643,AL Jazeerah Bank NJRANFRONT,300000184638647,,,SN,,
"4506","1188",JUBHUWYLYT,Cash JUBHUWYLYT,300000184930275,Al Jazeerah Bank JUBHUWYLYT,300000184930278,,,SN,,
"4507","1189",RYDTWIQDIS,Cash RYDTWIQDIS,300000171373302,AL Jazeerah Bank RYDTWIQDIS,300000171373306,,,SN,,
"4510","1192",BURSULMAVE,Cash BURSULMAVE,300000184930429,Al Jazeerah Bank BURSULMAVE,300000184930431,,,SN,,
"4511","1193",MEDTHEGATE,Cash MEDTHEGATE,300000052482543,AL Jazeerah Bank MEDTHEGATE,300000052407220,,,SN,,
"4513","1195",RYDQURTBAH,Cash RYDQURTBAH,300000224513318,AL Jazeerah Bank RYDQURTBAH,300000180252233,,,SN,,
"4514","1196",ONZSOQJADD,Cash ONZSOQJADD,300000180252239,AL Jazeerah Bank ONZSOQJADD,300000180252242,,,SN,,
"4515","1197",JEDMNRHPL,Cash JEDMNRHPLZ,300000183175542,AL Jazeerah Bank JEDMNRHPLZ,300000183175533,,,SN,,
"4518","1199",MJMAKRMMAL,Cash MJMAKRMMAL,300000203126495,AL Jazeerah Bank MJMAKRMMAL Account Acc#,300000203126499,,,SN,,
"4519","1200",KHMISMUJAN,Cash KHMISMUJAN,300000202684869,AL Jazeerah Bank KHMISMUJAN,300000224513361,,,SN,,
"4520","1201",MEDZAMPLMN,Cash MEDZAMPLMN,300000202684163,AL Jazeerah Bank MEDZAMPLMN,300000202684187,,,SN,,
"3596","198",EXBSA02,Cash EXBSA02,300000028360212,AL Jazeerah Bank EXBSA02 Jed Account - Acc # 015795017321044,300000028360197,,,SN,,
"3601","221",NAKHELMALL,Cash Nakheel Mall,300000003336222,AL Jazeerah Bank Nakhel Mall Account - Acc # 015795017321020,300000016780479,,,SN,,
"3573","222",NAKJPLAZA,Cash AL NAKheel PLAZA,300000003335888,AL Jazeerah Bank Nakhel Plaza Account - Acc # 015795017321038,300000016780602,,,SN,,
"3585","224",REDSEA,CASH Red Sea Mall Branch,300000001573438,AL Jazeerah Bank Red Sea Mall Account - Acc # 015795017321006,300000016779062,,,SN,,
"3602","225",RYDGALLER,Cash Riyadh Gallery,300000001545566,AL Jazeerah Bank Riyad Gallery Account - Acc # 015795017321017,300000016780609,,,SN,,
"3586","227",SALAMJED,CASH Salam Mall Jeddah Branch,300000001573450,AL Jazeerah Bank Salam Jed Mall count - Acc # 015795017321009,300000016779087,,,SN,,
"3604","228",SALAMRYD,Cash Al Salam Mall,300000003336239,AL Jazeerah Bank Salam Ryd Mall Account - Acc # 015795017321022,300000016780487,,,SN,,
"3615","229",EXBSA04,Cash EXBSA04,300000033029077,AL Jazeerah Bank EXBSA04 Account - Acc #,300000033029092,,,SN,,
"3587","230",TAHLIA,CASH Tahliah Center Branch,300000001545579,AL Jazeerah Bank Tahlia Center Account - Acc # 015795017321005,300000016779059,,,SN,,
"3605","231",TALAMALL,Cash Tala Mall,300000003336226,AL Jazeerah Bank Tala Mall Account - Acc # 015795017321021,300000016780483,,,SN,,
"3577","235",ZAHRAN,Cash AL DAHRAN MALL,300000003335882,AL Jazeerah Bank Dahran Mall Account - Acc # 015795017321039,300000016780606,,,SN,,
"3595","256",ONAIZAH,Cash Onaizah,300000027801170,AL Jazeerah Bank Onaizah  Account - Acc # 015795017321046,300000027746380,,,SN,,
"3609","259",ARARMALL,Cash Ararmall,300000028360221,AL Jazeerah Bank Ararmalld Account - Acc # 015795017321048,300000028360209,,,SN,,
"3610","260",KHERAIS,Cash Khris Mall,300000003336230,AL Jazeerah Bank Khuris Mall Account - Acc # 015795017321019,300000016780476,,,SN,,
"3611","261",SALAMAH,Cash SALMAH MALL,300000003335894,AL Jazeerah Bank Salma Mall Account - Acc # 015795017321033,300000016780582,,,SN,,
"3613","263",EXBSA03,Cash EXBSA03,300000033029067,AL Jazeerah Bank EXBSA03 Account - Acc #,300000033029087,,,SN,,
"3614","264",TABOUK,Cash Tabuk Park Mall,300000003335897,AL Jazeerah Bank Tabouk Park Mall Account - Acc # 015795017321029,300000016780570,,,SN,,
"3616","266",WADILABAN,CashWADILABAN,300000035114611,AL Jazeerah Bank WADILABAN ACC # 015795017321049,300000035114647,,,SN,,
"3618","268",RASHIDJZN,CashRASHIDJZN,300000035114617,AL Jazeerah Bank RASHIDJZN ACC # 015795017321051,300000035114653,,,SN,,
"3651","271",HAFRBATIN,CashHAFRBATIN,300000035114629,AL Jazeerah Bank HAFRBATIN ACC # 015795017321055,300000035114662,,,SN,,
"3652","272",BUROTHAIM,CashBUROTHAIM,300000035114632,AL Jazeerah Bank BUROTHAIM ACC # 015795017321053,300000035114665,,,SN,,
"3653","273",DAMMOTHAIM,CashDAMMOTHAIM,300000035114635,AL Jazeerah Bank DAMMOTHAIM ACC # 015795017321054,300000035114668,,,SN,,
"3655","275",PARKHMT,CashPARKHMT,300000035114641,AL Jazeerah Bank PARKHMT ACC # 015795017321056,300000035114674,,,SN,,
"3656","276",NAKHDMM,CashNAKHDMM,300000035114644,AL Jazeerah Bank NAKHDMM,300000035114677,,,SN,,
"3658","278",RYDAVENUE,CashRYDAVENUE,300000039834164,AL Jazeerah BankRYDAVENUE,300000039834125,,,SN,,
"3726","279",RYDPARK,CashRYDPARK,300000039834170,AL Jazeerah BankRYDPARK,300000039834130,,,SN,,
"3728","281",HAMDANIIYA,CashHAMDANIIYA,300000039834199,AL Jazeerah BankHAMDANIIYA,300000039834136,,,SN,,
"3733","288",KHURAISSQ2,Cash KHURAISSQ,300000047659064,AL Jazeerah KHURAISSQ,300000047659036,,,SN,,
"3734","289",PRNCSLRD,Cash PRNCSLRD,300000047659074,AL Jazeerah PRNCSLRD,300000047659047,,,SN,,
"4024","291",RYDSHIFA,Cash RYDSHIFA,300000048528258,AL Jazeerah RYDSHIFA,300000048528252,,,SN,,
"4036","292",KHRJHEDITY,Cash KHRJHEDITY,300000050662369,AL Jazeerah Bank KHRJHEDITY,300000050662315,,,SN,,
"4032","293",QUNKYLPLZA,Cash QUNKYLPLZA,300000050662372,AL Jazeerah Bank QUNKYLPLZA,300000050662318,,,SN,,
"4038","295",JEDCORNCH1,Cash JEDCORNCH1,300000050662378,AL Jazeerah Bank JEDCORNCH1,300000050662324,,,SN,,
"4035","296",KHAMESBLD,Cash KHAMESBLD,300000050662381,AL Jazeerah Bank KHAMESBLD,300000050662327,,,SN,,
"3731","298",HIJABMALL,Cash HIJABMALL,300000047540412,AL Jazeerah HIJABMALL,300000047540406,,,SN,,
"3732","299",HILTONMAK,Cash HILTONMAK,300000047540415,AL Jazeerah HILTONMAK,300000047540409,,,SN,,
"4025","301",MEDANDLUSH,CashMEDANDLUSH,300000050405123,AL Jazeerah Bank MEDANDLUSH,300000050405120,,,SN,,
"4027","304",TAIFSHARST,Cash TAIFSHARST,300000050634924,AL Jazeerah Bank TAIFSHARST,300000050634920,,,SN,,
"4028","305",KHMSAVENUE,Cash KHMSAVENUE,300000050662052,AL Jazeerah Bank KHMSAVENUE,300000050662028,,,SN,,
"4029","306",JEDNRTHWLK,Cash JEDNRTHWLK,300000050662363,AL Jazeerah Bank JEDNRTHWLK,300000050662308,,,SN,,
"4034","308",RYDANUDPRK,Cash RYDANUDPRK,300000050662366,AL Jazeerah Bank RYDANUDPRK,300000050662312,,,SN,,
"4030","309",MEDDARIMAN,Cash MEDDARIMAN,300000050662396,AL Jazeerah Bank MEDDARIMAN,300000050662342,,,SN,,
"4040","311",RYDALYAPLZ,Cash RYDALYAPLZ,300000050662405,AL Jazeerah Bank RYDALYAPLZ,300000050662351,,,SN,,
"4041","312",MAKABRAJ1,Cash MAKABRAJ1,300000050662408,AL Jazeerah Bank MAKABRAJ1,300000050662354,,,SN,,
"4043","314",MAKMYANYRD,Cash MAKMYANYRD,300000050662393,AL Jazeerah Bank MAKMYANYRD,300000050662339,,,SN,,
"4045","316",MAKDNACNTR,Cash MAKDNACNTR,300000050662387,AL Jazeerah Bank MAKDNACNTR,300000050662333,,,SN,,
"4046","323",SMARTSHRYD,Cash SMARTSHRYD,300000052482548,AL Jazeerah Bank SMARTSHRYD,300000052407277,,,SN,,
"4047","325",HAMDANYA2,Cash HAMDANYA2,300000052482551,AL Jazeerah Bank HAMDANYA2,300000052407280,,,SN,,
"4049","326",TAIBAMED,Cash TAIBAMED,300000052482554,AL Jazeerah Bank TAIBAMED,300000052407283,,,SN,,
"4050","327",AZIZIARYD,Cash AZIZIARYD,300000052482560,AL Jazeerah Bank AZIZIARYD,300000052407289,,,SN,,
"4052","329",ALMALGARYD,Cash ALMALGARYD,300000052482566,AL Jazeerah Bank ALMALGARYD,300000052407295,,,SN,,
"4053","330",HILTONMAK2,Cash HILTONMAK2,300000055407359,AL Jazeerah Bank HILTONMAK2,300000055407356,,,SN,,
"4054","331",MAKAHMEJAZ,Cash MAKAHMEJAZ,300000056128901,AL Jazeerah Bank MAKAHMEJAZ,300000056128898,,,SN,,
"4056","334",RYDSAWARIP,Cash RYDSAWARIP,300000056139991,AL Jazeerah Bank RYDSAWARIP,300000056139967,,,SN,,
"4057","335",NAJRANPLZA,Cash NAJRANPLZA,300000056139994,AL Jazeerah Bank NAJRANPLZA,300000056139970,,,SN,,
"4059","337",ALARIDAH,Cash ALARIDAH,300000056140000,AL Jazeerah Bank ALARIDAH,300000056139976,,,SN,,
"4060","338",SAMTAHMALL,Cash SAMTAHMALL,300000056277003,AL Jazeerah Bank SAMTAHMALL,300000056139979,,,SN,,
"4061","339",JEDANDLUS2,Cash JEDANDLUS2,300000056277006,AL Jazeerah Bank JEDANDLUS2,300000056139982,,,SN,,
"4066","342",MAJARDAH,Cash MAJARDAH,300000059028956,AL Jazeerah Bank MAJARDAH,300000073517392,,,SN,,
"4063","343",KHAMISKKHD,Cash KHAMISKKHD,300000056139985,AL Jazeerah Bank KHAMISKKHD,300000056139960,,,SN,,
"4064","346",TOWNSQJED,Cash TOWNSQJED,300000059028917,AL Jazeerah Bank TOWNSQJED,300000061408456,,,SN,,
"4067","348",KHOQOSAIBI,Cash KHOQOSAIBI,300000059028959,AL Jazeerah Bank KHOQOSAIBI,300000062857219,,,SN,,
"4068","349",KHMSBNDWOD,Cash KHMSBNDWOD,300000073517383,AL Jazeerah Bank KHMSBNDWOD,300000073517395,,,SN,,
"4070","351",ASEERGUNAI,Cash ASEERGUNAIM,300000073517386,AL Jazeerah Bank ASEERGUNAIM,300000073517402,,,SN,,
"4071","352",YASMEENPLZ,Cash YASMEENPLZ,300000062388881,AL Jazeerah Bank YASMEENPLZ,300000062388619,,,SN,,
"4072","353",WATANIYAHB,Cash WATANIYAHB,300000066308337,AL Jazeerah Bank WATANIYAHB,300000066308325,,,SN,,
"4074","355",RYDYARMOOK,Cash RYDYARMOOK,300000066308340,AL Jazeerah Bank RYDYARMOOK,300000066308329,,,SN,,
"4075","356",DAMRIVEIRA,Cash DAMRIVEIRA,300000080938024,AL Jazeerah Bank DAMRIVEIRA,300000075144780,,,SN,,
"4076","357",UWALKJED,Cash UWALKJED,300000073517389,AL Jazeerah Bank UWALKJED,300000073517410,,,SN,,
"4078","359",KHAMSBLVRD,Cash KHAMSBLVRD,300000080235535,AL Jazeerah Bank KHAMSBLVRD,300000080235512,,,SN,,
"4079","360",NAJPARK,Cash NAJPARK,300000080235528,AL Jazeerah Bank NAJPARK,300000080235506,,,SN,,
"4080","361",MEDALMATAL,Cash MEDALMATAL,300000080235532,AL Jazeerah Bank MEDALMATAL,300000080235509,,,SN,,
"4082","363",YANBUMALL,Cash YANBUMALL,300000080235541,AL Jazeerah Bank YANBUMALL,300000075144791,,,SN,,
"4083","364",MEDJWALK,Cash MEDJWALK,300000080235547,AL Jazeerah Bank MEDJWALK ,300000080235518,,,SN,,
"4085","368",MURJANJED,Cash MURJANJED,300000096820490,AL Jazeerah Bank MURJANJED,300000096820487,,,SN,,
"4086","369",GALRYRYD2,Cash GALRYRYD2,300000097074458,AL Jazeerah Bank GALRYRYD2,300000097074433,,,SN,,
"4088","371",HIRAAJED,Cash HIRAAJED,300000107862589,AL Jazeerah Bank HIRAAJED,300000107862566,,,SN,,
"4089","372",QATIFCFRNT,Cash QATIFCFRNT,300000110032561,AL Jazeerah Bank QATIFCFRNT,300000110032545,,,SN,,
"4090","373",MTHNBOTHAM,Cash MTHNBOTHAM,300000118410649,AL Jazeerah Bank MTHNBOTHAM,300000118410600,,,SN,,
"4561","1249",MEDIMAMBUK,,,,,,,SN,,
